{"iqoxz": -13, "fuxch": 7, "gvmnz": false, "qhjjo": 0.8979996628658394, "vfhlh": 0.4329715345039087}